GRUPO;CONSULTA_PORTAL;TIPO_CONSULTA;FILTRO;CAMPO_PORTAL;MIGALHA;PERMITE_SELECAO;PERMITE_CLIQUE;POSSUI_TOOLTIP;TOOLTIP_DESCRICAO_PORTAL;OBSERVACAO;CAMPO_DERIVADO;ORIGEM_DADOS;CAMPO_ORIGEM_DADOS;DIMENSAO_ORIGEM_DADOS;TOOLTIP_ORIGEM_DADOS
Compras e Patrimônio;Compras e Contratos;pesquisa basica;;Ano;Página Principal / Compras e patrimônio / Compras e Contratos;sim;não;não;;ano de inicio do processo de compra;não;Armazém SIAD;Ano Processo;Portal Compras - Módulo de Compras ;Ano do Processo de Compra (formato AAAA)
Compras e Patrimônio;Compras e Contratos;pesquisa basica;;Inicio/Fim;Página Principal / Compras e patrimônio / Compras e Contratos;sim;não;não;;Campos disponível apenas no Portal;não;Armazém SIAD;;;
Compras e Patrimônio;Compras e Contratos;pesquisa basica;Procedimento de Contratação;Procedimento de Contratação;Página Principal / Compras e patrimônio / Compras e Contratos / Procedimento de Contratação;não;sim;sim;Inclui as modalidades de licitação (concorrência, tomada de preços, convite e leilão), pregão, dispensa, inexigibilidade, registro de preços, etc.;-;não;Armazém SIAD;Procedimento de Contratação - Detalhamento 1;Portal Compras - Módulo de Compras >> Procedimento de Contratação;Detalhamento  do Procedimento de Contratação -1 : Menos detalhado
Compras e Patrimônio;Compras e Contratos;pesquisa basica;Procedimento de Contratação;Valor de Referência;Página Principal / Compras e patrimônio / Compras e Contratos / Procedimento de Contratação;não;não;sim;Valor estimado de um determinado bem ou serviço, obtido por meio de pesquisa de mercado ou cadastro de preços;-;não;Armazém SIAD;Valor Total Referência Item do Processo;Portal Compras - Módulo de Compras ;Valor Total de referência do item de processo de compra, informado no processo de compra. Este valor está sendo calculado no Armazém, apresentando o valor rateado para o item de pedido
Compras e Patrimônio;Compras e Contratos;pesquisa basica;Procedimento de Contratação;Valor Homologado;Página Principal / Compras e patrimônio / Compras e Contratos / Procedimento de Contratação;não;não;sim;Valor final licitado ou comprado;-;não;Armazém SIAD;Valor Total Homologado;Portal Compras - Módulo de Compras ;Valor total homologado do item de material/serviço
Compras e Patrimônio;Compras e Contratos;pesquisa basica;Procedimento de Contratação;Economias;Página Principal / Compras e patrimônio / Compras e Contratos / Procedimento de Contratação;não;não;sim;Diferença entre o valor de referência e o valor homologado;-;não;Armazém SIAD;Economia;Portal Compras - Módulo de Compras ;Valor da economia alcançada, em reais, considerando o valor de Referência do item do Processo e o Valor Homologado. Fórmula de Cálculo = Valor Total Referência Item Processo  Valor Total Homologado
Compras e Patrimônio;Compras e Contratos;pesquisa basica;Procedimento de Contratação;Código;Página Principal / Compras e patrimônio / Compras e Contratos / Procedimento de Contratação;não;não;não;;Código da classe de Material e serviço;não;Armazém SIAD;Código Classe Material/Serviço - Numérico;Portal Compras -Módulo de Compras >> Material/Serviço;Código numérico da classe de material/serviço no Catálogo de Materiais e Serviçoes do SIAD
Compras e Patrimônio;Compras e Contratos;pesquisa basica;Procedimento de Contratação;Grupo de Material/Serviço;Página Principal / Compras e patrimônio / Compras e Contratos / Procedimento de Contratação;não;sim;sim;Maior nível de especificação de materiais e serviços;-;não;Armazém SIAD;Grupo Material/Serviço;Portal Compras -Módulo de Compras >> Material/Serviço;Descrição do Grupo de Material/Serviço
Compras e Patrimônio;Compras e Contratos;pesquisa basica;Procedimento de Contratação;Código;Página Principal / Compras e patrimônio / Compras e Contratos / Procedimento de Contratação / Grupo de Material_Serviço ;não;não;não;;Código do Grupo de Material e serviço;não;Armazém SIAD;Código Grupo Material/Serviço - Numérico;Portal Compras -Módulo de Compras >> Material/Serviço;Código numérico do Grupo de material/serviço no Catálogo de Materiais e Serviçoes do SIAD
Compras e Patrimônio;Compras e Contratos;pesquisa basica;Procedimento de Contratação;Classe de Material/Serviço;Página Principal / Compras e patrimônio / Compras e Contratos / Procedimento de Contratação / Grupo de Material_Serviço ;não;sim;sim;Segundo nível de especificação de materiais e serviços. Detalha o grupo.;-;não;Armazém SIAD;Classe Material/Serviço;Portal Compras -Módulo de Compras >> Material/Serviço;Descrição da Classe de Material/Serviço
Compras e Patrimônio;Compras e Contratos;pesquisa basica;Procedimento de Contratação;Código;Página Principal / Compras e patrimônio / Compras e Contratos / Procedimento de Contratação / Grupo de Material_Serviço / Classe de Material_Serviço ;não;não;não;;Código Material e serviço;não;Armazém SIAD;Código Material/Serviço - Numérico;Portal Compras -Módulo de Compras >> Material/Serviço;Código numérico do material/serviço no Catálogo de Materiais e Serviçoes do SIAD
Compras e Patrimônio;Compras e Contratos;pesquisa basica;Procedimento de Contratação;Material/Serviço;Página Principal / Compras e patrimônio / Compras e Contratos / Procedimento de Contratação / Grupo de Material_Serviço / Classe de Material_Serviço ;não;sim;sim;Terceiro nível de especificação de materiais e serviços. Detalha a classe.;-;não;Armazém SIAD;Material/Serviço;Portal Compras -Módulo de Compras >> Material/Serviço;Descrição Material/Serviço
Compras e Patrimônio;Compras e Contratos;pesquisa basica;Procedimento de Contratação;Código;Página Principal / Compras e patrimônio / Compras e Contratos / Procedimento de Contratação / Grupo de Material_Serviço / Classe de Material_Serviço / Material_Serviço;não;não;não;;Código do item de Material e serviço;não;Armazém SIAD;Código Item Material/Serviço - Numérico;Portal Compras -Módulo de Compras >> Material/Serviço;Código numérico do item de material/serviço no Catálogo de Materiais e Serviçoes do SIAD
Compras e Patrimônio;Compras e Contratos;pesquisa basica;Procedimento de Contratação;Item de Material/Serviço;Página Principal / Compras e patrimônio / Compras e Contratos / Procedimento de Contratação / Grupo de Material_Serviço / Classe de Material_Serviço / Material_Serviço;não;sim;sim;Quarto nível de especificação de materiais e serviços. Detalha o material/serviço.;-;não;Armazém SIAD;Item de Material/Serviço ;Portal Compras -Módulo de Compras >> Material/Serviço;Especificação do item material/serviço
Compras e Patrimônio;Compras e Contratos;pesquisa basica;Procedimento de Contratação;Quantidade homologada;Página Principal / Compras e patrimônio / Compras e Contratos / Procedimento de Contratação / Grupo de Material_Serviço / Classe de Material_Serviço / Material_Serviço;não;não;sim;Quantidade de material ou serviço que está sendo comprada;-;não;Armazém SIAD;Quantidade homologada;Portal Compras - Módulo de Compras ;Quantidade homologada para o item de material/serviço
Compras e Patrimônio;Compras e Contratos;pesquisa basica;Procedimento de Contratação;Unidade de medida;Página Principal / Compras e patrimônio / Compras e Contratos / Procedimento de Contratação / Grupo de Material_Serviço / Classe de Material_Serviço / Material_Serviço;não;não;sim;Padrão utilizado para mensurar o bem ou serviço comprado;-;não;Armazém SIAD;Unidade de fornecimento/Aquisição;Portal Compras - Módulo de Compras ;Descrição da unidade de fornecimento/aquisição do item de material/serviço
Compras e Patrimônio;Compras e Contratos;pesquisa basica;Procedimento de Contratação;Número do Processo de Compra;Página Principal / Compras e patrimônio / Compras e Contratos / Procedimento de Contratação / Grupo de Material_Serviço / Classe de Material_Serviço / Material_Serviço / Item de Material_Serviço;não;sim;sim;Número identificador do processo de compra no Portal de Compras;-;não;Armazém SIAD;Número Processo - Formatado;Portal Compras - Módulo de Compras ;Número de Identificação do Processo de Compra Formatado (formato UUUUUUU 999999/AAAA - Unidade de Compra, Número do Processo, Ano do Processo)
Compras e Patrimônio;Compras e Contratos;pesquisa basica;Procedimento de Contratação;Objeto;Página Principal / Compras e patrimônio / Compras e Contratos / Procedimento de Contratação / Grupo de Material_Serviço / Classe de Material_Serviço / Material_Serviço / Item de Material_Serviço;não;não;sim;Descrição dos bens e serviços que estão sendo comprados e sua finalidade.;-;não;Armazém SIAD;Objeto Processo;Portal Compras - Módulo de Compras ;Objeto do processo de compra
Compras e Patrimônio;Compras e Contratos;pesquisa basica;Procedimento de Contratação;Órgão demandante;Página Principal / Compras e patrimônio / Compras e Contratos / Procedimento de Contratação / Grupo de Material_Serviço / Classe de Material_Serviço / Material_Serviço / Item de Material_Serviço;não;não;sim;Órgão ou entidade que solicitou a compra de determinado material ou serviço. Pode coincidir ou não com o órgão que está executando o processo de compra.;-;não;Armazém SIAD;Nome Órgão/Entidade Pedido;Portal Compras - Módulo de Compras >> Unidade do Pedido >> Órgão/Entidade Pedido;Nome completo do órgão/entidade da unidade do pedido
Compras e Patrimônio;Compras e Contratos;pesquisa basica;Procedimento de Contratação;Procedimento de Contratação;Página Principal / Compras e patrimônio / Compras e Contratos / Procedimento de Contratação / Grupo de Material_Serviço / Classe de Material_Serviço / Material_Serviço / Item de Material_Serviço;não;não;sim;Inclui as modalidades de licitação (concorrência, tomada de preços, convite e leilão), pregão, dispensa, inexigibilidade, registro de preços, etc.;-;não;Armazém SIAD;Procedimento de Contratação - Detalhamento 1;Portal Compras - Módulo de Compras >> Procedimento de Contratação;Detalhamento  do Procedimento de Contratação -1 : Menos detalhado
Compras e Patrimônio;Compras e Contratos;pesquisa basica;Material/Serviço;Código;Página Principal / Compras e patrimônio / Compras e Contratos / Material_Serviço ;não;não;não;;Código do Material/Seviço;não;Armazém SIAD;Código Material/Serviço - Numérico;Portal Compras -Módulo de Compras >> Material/Serviço;Código numérico do material/serviço no Catálogo de Materiais e Serviçoes do SIAD
Compras e Patrimônio;Compras e Contratos;pesquisa basica;Material/Serviço;Material/Serviço;Página Principal / Compras e patrimônio / Compras e Contratos / Material_Serviço ;não;sim;sim;Terceiro nível de especificação de materiais e serviços. Detalha a classe.;Código do Material/Seviço;não;Armazém SIAD;Material/Serviço;Portal Compras -Módulo de Compras >> Material/Serviço;Descrição Material/Serviço
Compras e Patrimônio;Compras e Contratos;pesquisa basica;Material/Serviço;Valor de Referência;Página Principal / Compras e patrimônio / Compras e Contratos / Material_Serviço ;não;não;sim;Valor estimado de um determinado bem ou serviço, obtido por meio de pesquisa de mercado ou cadastro de preços;-;não;Armazém SIAD;Valor Total Referência Item do Processo;Portal Compras - Módulo de Compras ;Valor Total de referência do item de processo de compra, informado no processo de compra. Este valor está sendo calculado no Armazém, apresentando o valor rateado para o item de pedido
Compras e Patrimônio;Compras e Contratos;pesquisa basica;Material/Serviço;Valor Homologado;Página Principal / Compras e patrimônio / Compras e Contratos / Material_Serviço ;não;não;sim;Valor final licitado ou comprado;-;não;Armazém SIAD;Valor Total Homologado;Portal Compras - Módulo de Compras ;Valor total homologado do item de material/serviço
Compras e Patrimônio;Compras e Contratos;pesquisa basica;Material/Serviço;Economias;Página Principal / Compras e patrimônio / Compras e Contratos / Material_Serviço ;não;não;sim;Diferença entre o valor de referência e o valor homologado;-;não;Armazém SIAD;Economia;Portal Compras - Módulo de Compras ;Valor da economia alcançada, em reais, considerando o valor de Referência do item do Processo e o Valor Homologado. Fórmula de Cálculo = Valor Total Referência Item Processo  Valor Total Homologado
Compras e Patrimônio;Compras e Contratos;pesquisa basica;Material/Serviço;Código;Página Principal / Compras e patrimônio / Compras e Contratos / Material_Serviço ;não;não;não;;Código do item de Material e serviço;não;Armazém SIAD;Código Item Material/Serviço - Numérico;Portal Compras -Módulo de Compras >> Material/Serviço;Código numérico do item de material/serviço no Catálogo de Materiais e Serviçoes do SIAD
Compras e Patrimônio;Compras e Contratos;pesquisa basica;Material/Serviço;Item de Material/Serviço;Página Principal / Compras e patrimônio / Compras e Contratos / Material_Serviço ;não;sim;sim;Quarto nível de especificação de materiais e serviços. Detalha o material/serviço.;-;não;Armazém SIAD;Item de Material/Serviço ;Portal Compras -Módulo de Compras >> Material/Serviço;Especificação do item material/serviço
Compras e Patrimônio;Compras e Contratos;pesquisa basica;Material/Serviço;Quantidade homologada;Página Principal / Compras e patrimônio / Compras e Contratos / Material_Serviço ;não;não;sim;Quantidade de material ou serviço que está sendo comprada;-;não;Armazém SIAD;Quantidade homologada;Portal Compras - Módulo de Compras ;Quantidade homologada para o item de material/serviço
Compras e Patrimônio;Compras e Contratos;pesquisa basica;Material/Serviço;Unidade de medida;Página Principal / Compras e patrimônio / Compras e Contratos / Material_Serviço ;não;não;sim;Padrão utilizado para mensurar o bem ou serviço comprado;-;não;Armazém SIAD;Unidade de fornecimento/Aquisição;Portal Compras - Módulo de Compras ;Descrição da unidade de fornecimento/aquisição do item de material/serviço
Compras e Patrimônio;Compras e Contratos;pesquisa basica;Material/Serviço;Número do Processo de Compra;Página Principal / Compras e patrimônio / Compras e Contratos / Material_Serviço / Item de Material_Serviço;não;sim;sim;Número identificador do processo de compra no Portal de Compras;-;não;Armazém SIAD;Número Processo - Formatado;Portal Compras - Módulo de Compras ;Número de Identificação do Processo de Compra Formatado (formato UUUUUUU 999999/AAAA - Unidade de Compra, Número do Processo, Ano do Processo)
Compras e Patrimônio;Compras e Contratos;pesquisa basica;Material/Serviço;Objeto;Página Principal / Compras e patrimônio / Compras e Contratos / Material_Serviço / Item de Material_Serviço;não;não;sim;Descrição dos bens e serviços que estão sendo comprados e sua finalidade.;-;não;Armazém SIAD;Objeto Processo;Portal Compras - Módulo de Compras ;Objeto do processo de compra
Compras e Patrimônio;Compras e Contratos;pesquisa basica;Material/Serviço;Órgão demandante;Página Principal / Compras e patrimônio / Compras e Contratos / Material_Serviço / Item de Material_Serviço;não;não;sim;Órgão ou entidade que solicitou a compra de determinado material ou serviço. Pode coincidir ou não com o órgão que está executando o processo de compra.;-;não;Armazém SIAD;Nome Órgão/Entidade Pedido;Portal Compras - Módulo de Compras >> Unidade do Pedido >> Órgão/Entidade Pedido;Nome completo do órgão/entidade da unidade do pedido
Compras e Patrimônio;Compras e Contratos;pesquisa basica;Material/Serviço;Procedimento de Contratação;Página Principal / Compras e patrimônio / Compras e Contratos / Material_Serviço / Item de Material_Serviço;não;não;sim;Inclui as modalidades de licitação (concorrência, tomada de preços, convite e leilão), pregão, dispensa, inexigibilidade, registro de preços, etc.;-;não;Armazém SIAD;Procedimento de Contratação - Detalhamento 1;Portal Compras - Módulo de Compras >> Procedimento de Contratação;Detalhamento  do Procedimento de Contratação -1 : Menos detalhado
Compras e Patrimônio;Compras e Contratos;pesquisa basica;Órgão Demandante;Código;Página Principal / Compras e patrimônio / Compras e Contratos / Órgão Demandante;não;não;não;;Código do órgão demandante;não;Armazém SIAD;Código Órgão/Entidade Pedido;Portal Compras -Módulo de Compras >> Unidade do Pedido >> Órgão/Entidade Pedido;Código numérico do órgão/entidade da unidade do pedido (formato 9999). 
Compras e Patrimônio;Compras e Contratos;pesquisa basica;Órgão Demandante;Órgão demandante;Página Principal / Compras e patrimônio / Compras e Contratos / Órgão Demandante;não;sim;sim;Órgão ou entidade que solicitou a compra de determinado material ou serviço. Pode coincidir ou não com o órgão que está executando o processo de compra.;-;não;Armazém SIAD;Nome Órgão/Entidade Pedido;Portal Compras - Módulo de Compras >> Unidade do Pedido >> Órgão/Entidade Pedido;Nome completo do órgão/entidade da unidade do pedido
Compras e Patrimônio;Compras e Contratos;pesquisa basica;Órgão Demandante;Valor de Referência;Página Principal / Compras e patrimônio / Compras e Contratos / Órgão Demandante;não;não;sim;Valor estimado de um determinado bem ou serviço, obtido por meio de pesquisa de mercado ou cadastro de preços;-;não;Armazém SIAD;Valor Total Referência Item do Processo;Portal Compras - Módulo de Compras ;Valor Total de referência do item de processo de compra, informado no processo de compra. Este valor está sendo calculado no Armazém, apresentando o valor rateado para o item de pedido
Compras e Patrimônio;Compras e Contratos;pesquisa basica;Órgão Demandante;Valor Homologado;Página Principal / Compras e patrimônio / Compras e Contratos / Órgão Demandante;não;não;sim;Valor final licitado ou comprado;-;não;Armazém SIAD;Valor Total Homologado;Portal Compras - Módulo de Compras ;Valor total homologado do item de material/serviço
Compras e Patrimônio;Compras e Contratos;pesquisa basica;Órgão Demandante;Economias;Página Principal / Compras e patrimônio / Compras e Contratos / Órgão Demandante;não;não;sim;Diferença entre o valor de referência e o valor homologado;-;não;Armazém SIAD;Economia;Portal Compras - Módulo de Compras ;Valor da economia alcançada, em reais, considerando o valor de Referência do item do Processo e o Valor Homologado. Fórmula de Cálculo = Valor Total Referência Item Processo  Valor Total Homologado
Compras e Patrimônio;Compras e Contratos;pesquisa basica;Órgão Demandante;Procedimento de Contratação;Página Principal / Compras e patrimônio / Compras e Contratos / Órgão Demandante;não;sim;sim;Inclui as modalidades de licitação (concorrência, tomada de preços, convite e leilão), pregão, dispensa, inexigibilidade, registro de preços, etc.;-;não;Armazém SIAD;Procedimento de Contratação - Detalhamento 1;Portal Compras - Módulo de Compras >> Procedimento de Contratação;Detalhamento  do Procedimento de Contratação -1 : Menos detalhado
Compras e Patrimônio;Compras e Contratos;pesquisa basica;Órgão Demandante;Código;Página Principal / Compras e patrimônio / Compras e Contratos / Órgão Demandante / Procedimento de Contratação;não;não;não;;Código Material e serviço;não;Armazém SIAD;Código Material/Serviço - Numérico;Portal Compras -Módulo de Compras >> Material/Serviço;Código numérico do material/serviço no Catálogo de Materiais e Serviçoes do SIAD
Compras e Patrimônio;Compras e Contratos;pesquisa basica;Órgão Demandante;Material/Serviço;Página Principal / Compras e patrimônio / Compras e Contratos / Órgão Demandante / Procedimento de Contratação;não;sim;sim;Terceiro nível de especificação de materiais e serviços. Detalha a classe.;-;não;Armazém SIAD;Material/Serviço;Portal Compras -Módulo de Compras >> Material/Serviço;Descrição Material/Serviço
Compras e Patrimônio;Compras e Contratos;pesquisa basica;Órgão Demandante;Código;Página Principal / Compras e patrimônio / Compras e Contratos / Órgão Demandante / Procedimento de Contratação / Material_Serviço;não;não;não;;Código do item de Material e serviço;não;Armazém SIAD;Código Item Material/Serviço - Numérico;Portal Compras -Módulo de Compras >> Material/Serviço;Código numérico do item de material/serviço no Catálogo de Materiais e Serviçoes do SIAD
Compras e Patrimônio;Compras e Contratos;pesquisa basica;Órgão Demandante;Item de Material/Serviço;Página Principal / Compras e patrimônio / Compras e Contratos / Órgão Demandante / Procedimento de Contratação / Material_Serviço;não;sim;sim;Quarto nível de especificação de materiais e serviços. Detalha o material/serviço.;-;não;Armazém SIAD;Item de Material/Serviço ;Portal Compras -Módulo de Compras >> Material/Serviço;Especificação do item material/serviço
Compras e Patrimônio;Compras e Contratos;pesquisa basica;Órgão Demandante;Quantidade homologada;Página Principal / Compras e patrimônio / Compras e Contratos / Órgão Demandante / Procedimento de Contratação / Material_Serviço;não;não;sim;Quantidade de material ou serviço que está sendo comprada;-;não;Armazém SIAD;Quantidade homologada;Portal Compras - Módulo de Compras ;Quantidade homologada para o item de material/serviço
Compras e Patrimônio;Compras e Contratos;pesquisa basica;Órgão Demandante;Unidade de medida;Página Principal / Compras e patrimônio / Compras e Contratos / Órgão Demandante / Procedimento de Contratação / Material_Serviço;não;não;sim;Padrão utilizado para mensurar o bem ou serviço comprado;-;não;Armazém SIAD;Unidade de fornecimento/Aquisição;Portal Compras - Módulo de Compras ;Descrição da unidade de fornecimento/aquisição do item de material/serviço
Compras e Patrimônio;Compras e Contratos;pesquisa basica;Órgão Demandante;Número do Processo de Compra;Página Principal / Compras e patrimônio / Compras e Contratos / Órgão Demandante / Procedimento de Contratação / Material_Serviço / Item de Material_Serviço;não;sim;sim;Número identificador do processo de compra no Portal de Compras;-;não;Armazém SIAD;Número Processo - Formatado;Portal Compras - Módulo de Compras ;Número de Identificação do Processo de Compra Formatado (formato UUUUUUU 999999/AAAA - Unidade de Compra, Número do Processo, Ano do Processo)
Compras e Patrimônio;Compras e Contratos;pesquisa basica;Órgão Demandante;Objeto;Página Principal / Compras e patrimônio / Compras e Contratos / Órgão Demandante / Procedimento de Contratação / Material_Serviço / Item de Material_Serviço;não;não;sim;Descrição dos bens e serviços que estão sendo comprados e sua finalidade.;-;não;Armazém SIAD;Objeto Processo;Portal Compras - Módulo de Compras ;Objeto do processo de compra
Compras e Patrimônio;Compras e Contratos;pesquisa basica;Contratado;Contratado;Página Principal / Compras e patrimônio / Compras e Contratos / Contratado;não;sim;sim;Nome da pessoa física ou jurídica contratada para prestar um serviço ou entregar bens materiais ao Estado.;-;não;Armazém SIAD;Nome Empresarial/Nome Fornecedor no Processo;Portal Compras - Módulo de Compras >> Fornecedor;Nome Empresarial/Nome Fornecedor registrado na proposta vencedora
Compras e Patrimônio;Compras e Contratos;pesquisa basica;Contratado;CNPJ/CPF;Página Principal / Compras e patrimônio / Compras e Contratos / Contratado;não;não;sim;"Número de identificação; Pessoa Jurídica (CNPJ) e Pessoa física (CPF).";-;não;Armazém SIAD;CNPJ/CPF Fornecedor Númerico;Portal Compras - Módulo de Compras >> Fornecedor;Número de registro (sem formatação) do fornecedor no Cadastro Nacional de Pessoas Físicas ou Jutídicas (formato 99999999999 ou 999999999999999)
Compras e Patrimônio;Compras e Contratos;pesquisa basica;Contratado;Valor de Referência;Página Principal / Compras e patrimônio / Compras e Contratos / Contratado;não;não;sim;Valor estimado de um determinado bem ou serviço, obtido por meio de pesquisa de mercado ou cadastro de preços;-;não;Armazém SIAD;Valor Total Referência Item do Processo;Portal Compras - Módulo de Compras ;Valor Total de referência do item de processo de compra, informado no processo de compra. Este valor está sendo calculado no Armazém, apresentando o valor rateado para o item de pedido
Compras e Patrimônio;Compras e Contratos;pesquisa basica;Contratado;Valor Homologado;Página Principal / Compras e patrimônio / Compras e Contratos / Contratado;não;não;sim;Valor final licitado ou comprado;-;não;Armazém SIAD;Valor Total Homologado;Portal Compras - Módulo de Compras ;Valor total homologado do item de material/serviço
Compras e Patrimônio;Compras e Contratos;pesquisa basica;Contratado;Economias;Página Principal / Compras e patrimônio / Compras e Contratos / Contratado;não;não;sim;Diferença entre o valor de referência e o valor homologado;-;não;Armazém SIAD;Economia;Portal Compras - Módulo de Compras ;Valor da economia alcançada, em reais, considerando o valor de Referência do item do Processo e o Valor Homologado. Fórmula de Cálculo = Valor Total Referência Item Processo  Valor Total Homologado
Compras e Patrimônio;Compras e Contratos;pesquisa basica;Contratado;Código;Página Principal / Compras e patrimônio / Compras e Contratos / Contratado;não;não;não;;Código Material e serviço;não;Armazém SIAD;Código Material/Serviço - Numérico;Portal Compras -Módulo de Compras >> Material/Serviço;Código numérico do material/serviço no Catálogo de Materiais e Serviçoes do SIAD
Compras e Patrimônio;Compras e Contratos;pesquisa basica;Contratado;Material/Serviço;Página Principal / Compras e patrimônio / Compras e Contratos / Contratado;não;sim;sim;Terceiro nível de especificação de materiais e serviços. Detalha a classe.;-;não;Armazém SIAD;Material/Serviço;Portal Compras -Módulo de Compras >> Material/Serviço;Descrição Material/Serviço
Compras e Patrimônio;Compras e Contratos;pesquisa basica;Contratado;Código;Página Principal / Compras e patrimônio / Compras e Contratos / Contratado / Material_Serviço;não;não;não;;Código do item de Material e serviço;não;Armazém SIAD;Código Item Material/Serviço - Numérico;Portal Compras -Módulo de Compras >> Material/Serviço;Código numérico do item de material/serviço no Catálogo de Materiais e Serviçoes do SIAD
Compras e Patrimônio;Compras e Contratos;pesquisa basica;Contratado;Item de Material/Serviço;Página Principal / Compras e patrimônio / Compras e Contratos / Contratado / Material_Serviço;não;sim;sim;Quarto nível de especificação de materiais e serviços. Detalha o material/serviço.;-;não;Armazém SIAD;Item de Material/Serviço ;Portal Compras -Módulo de Compras >> Material/Serviço;Especificação do item material/serviço
Compras e Patrimônio;Compras e Contratos;pesquisa basica;Contratado;Quantidade homologada;Página Principal / Compras e patrimônio / Compras e Contratos / Contratado / Material_Serviço;não;não;sim;Quantidade de material ou serviço que está sendo comprada;-;não;Armazém SIAD;Quantidade homologada;Portal Compras - Módulo de Compras ;Quantidade homologada para o item de material/serviço
Compras e Patrimônio;Compras e Contratos;pesquisa basica;Contratado;Unidade de medida;Página Principal / Compras e patrimônio / Compras e Contratos / Contratado / Material_Serviço;não;não;sim;Padrão utilizado para mensurar o bem ou serviço comprado;-;não;Armazém SIAD;Unidade de fornecimento/Aquisição;Portal Compras - Módulo de Compras ;Descrição da unidade de fornecimento/aquisição do item de material/serviço
Compras e Patrimônio;Compras e Contratos;pesquisa basica;Contratado;Número do Processo de Compra;Página Principal / Compras e patrimônio / Compras e Contratos / Contratado / Material_Serviço / Item de Material_Serviço;não;sim;sim;Número identificador do processo de compra no Portal de Compras;-;não;Armazém SIAD;Número Processo - Formatado;Portal Compras - Módulo de Compras ;Número de Identificação do Processo de Compra Formatado (formato UUUUUUU 999999/AAAA - Unidade de Compra, Número do Processo, Ano do Processo)
Compras e Patrimônio;Compras e Contratos;pesquisa basica;Contratado;Objeto;Página Principal / Compras e patrimônio / Compras e Contratos / Contratado / Material_Serviço / Item de Material_Serviço;não;não;sim;Descrição dos bens e serviços que estão sendo comprados e sua finalidade.;-;não;Armazém SIAD;Objeto Processo;Portal Compras - Módulo de Compras ;Objeto do processo de compra
Compras e Patrimônio;Compras e Contratos;pesquisa basica;Contratado;Órgão demandante;Página Principal / Compras e patrimônio / Compras e Contratos / Contratado / Material_Serviço / Item de Material_Serviço;não;não;sim;Órgão ou entidade que solicitou a compra de determinado material ou serviço. Pode coincidir ou não com o órgão que está executando o processo de compra.;-;não;Armazém SIAD;Nome Órgão/Entidade Pedido;Portal Compras - Módulo de Compras >> Unidade do Pedido >> Órgão/Entidade Pedido;Nome completo do órgão/entidade da unidade do pedido
Compras e Patrimônio;Compras e Contratos;pesquisa basica;Contratado;Procedimento de Contratação;Página Principal / Compras e patrimônio / Compras e Contratos / Contratado / Material_Serviço / Item de Material_Serviço;não;não;sim;Inclui as modalidades de licitação (concorrência, tomada de preços, convite e leilão), pregão, dispensa, inexigibilidade, registro de preços, etc.;-;não;Armazém SIAD;Procedimento de Contratação - Detalhamento 1;Portal Compras - Módulo de Compras >> Procedimento de Contratação;Detalhamento  do Procedimento de Contratação -1 : Menos detalhado
Compras e Patrimônio;Compras e Contratos;pesquisa basica;Situação do Processo de Compra;Situação;Página Principal / Compras e patrimônio / Compras e Contratos / Situação do Processo de Compra;não;sim;sim;Situação do processo de compra durante a aquisição de materiais e serviços (concluído, suspenso, em andamento, etc.). Quanto aos processos de compra com situação em andamento, são considerados apenas os itens já homologados desses processos.;-;não;Armazém SIAD;Situação Processo;Portal Compras - Módulo de Compras ;Descrição da Situação do Processo de Compra ( Concluído, Em Andamento, Suspenso)
Compras e Patrimônio;Compras e Contratos;pesquisa basica;Situação do Processo de Compra;Valor de Referência;Página Principal / Compras e patrimônio / Compras e Contratos / Situação do Processo de Compra;não;não;sim;Valor estimado de um determinado bem ou serviço, obtido por meio de pesquisa de mercado ou cadastro de preços;-;não;Armazém SIAD;Valor Total Referência Item do Processo;Portal Compras - Módulo de Compras ;Valor Total de referência do item de processo de compra, informado no processo de compra. Este valor está sendo calculado no Armazém, apresentando o valor rateado para o item de pedido
Compras e Patrimônio;Compras e Contratos;pesquisa basica;Situação do Processo de Compra;Valor Homologado;Página Principal / Compras e patrimônio / Compras e Contratos / Situação do Processo de Compra;não;não;sim;Valor final licitado ou comprado;-;não;Armazém SIAD;Valor Total Homologado;Portal Compras - Módulo de Compras ;Valor total homologado do item de material/serviço
Compras e Patrimônio;Compras e Contratos;pesquisa basica;Situação do Processo de Compra;Economias;Página Principal / Compras e patrimônio / Compras e Contratos / Situação do Processo de Compra;não;não;sim;Diferença entre o valor de referência e o valor homologado;-;não;Armazém SIAD;Economia;Portal Compras - Módulo de Compras ;Valor da economia alcançada, em reais, considerando o valor de Referência do item do Processo e o Valor Homologado. Fórmula de Cálculo = Valor Total Referência Item Processo  Valor Total Homologado
Compras e Patrimônio;Compras e Contratos;pesquisa basica;Situação do Processo de Compra;Código;Página Principal / Compras e patrimônio / Compras e Contratos / Situação do Processo de Compra;não;não;não;;Código da classe de Material e serviço;não;Armazém SIAD;Código Classe Material/Serviço - Numérico;Portal Compras -Módulo de Compras >> Material/Serviço;Código numérico da classe de material/serviço no Catálogo de Materiais e Serviçoes do SIAD
Compras e Patrimônio;Compras e Contratos;pesquisa basica;Situação do Processo de Compra;Grupo de Material/Serviço;Página Principal / Compras e patrimônio / Compras e Contratos / Situação do Processo de Compra;não;sim;sim;Maior nível de especificação de materiais e serviços;-;não;Armazém SIAD;Grupo Material/Serviço;Portal Compras -Módulo de Compras >> Material/Serviço;Descrição do Grupo de Material/Serviço
Compras e Patrimônio;Compras e Contratos;pesquisa basica;Situação do Processo de Compra;Código;Página Principal / Compras e patrimônio / Compras e Contratos / Situação do Processo de Compra / Grupo de Material_Serviço;não;não;não;;Código do Grupo de Material e serviço;não;Armazém SIAD;Código Grupo Material/Serviço - Numérico;Portal Compras -Módulo de Compras >> Material/Serviço;Código numérico do Grupo de material/serviço no Catálogo de Materiais e Serviçoes do SIAD
Compras e Patrimônio;Compras e Contratos;pesquisa basica;Situação do Processo de Compra;Classe de Material/Serviço;Página Principal / Compras e patrimônio / Compras e Contratos / Situação do Processo de Compra / Grupo de Material_Serviço;não;sim;sim;Segundo nível de especificação de materiais e serviços. Detalha o grupo.;-;não;Armazém SIAD;Classe Material/Serviço;Portal Compras -Módulo de Compras >> Material/Serviço;Descrição da Classe de Material/Serviço
Compras e Patrimônio;Compras e Contratos;pesquisa basica;Situação do Processo de Compra;Código;Página Principal / Compras e patrimônio / Compras e Contratos / Situação do Processo de Compra / Grupo de Material_Serviço / Classe de Material_Serviço ;não;não;não;;Código Material e serviço;não;Armazém SIAD;Código Material/Serviço - Numérico;Portal Compras -Módulo de Compras >> Material/Serviço;Código numérico do material/serviço no Catálogo de Materiais e Serviçoes do SIAD
Compras e Patrimônio;Compras e Contratos;pesquisa basica;Situação do Processo de Compra;Material/Serviço;Página Principal / Compras e patrimônio / Compras e Contratos / Situação do Processo de Compra / Grupo de Material_Serviço / Classe de Material_Serviço ;não;sim;sim;Terceiro nível de especificação de materiais e serviços. Detalha a classe.;-;não;Armazém SIAD;Material/Serviço;Portal Compras -Módulo de Compras >> Material/Serviço;Descrição Material/Serviço
Compras e Patrimônio;Compras e Contratos;pesquisa basica;Situação do Processo de Compra;Código;Página Principal / Compras e patrimônio / Compras e Contratos / Situação do Processo de Compra / Grupo de Material_Serviço / Classe de Material_Serviço /Material_Serviço;não;não;não;;Código do item de Material e serviço;não;Armazém SIAD;Código Item Material/Serviço - Numérico;Portal Compras -Módulo de Compras >> Material/Serviço;Código numérico do item de material/serviço no Catálogo de Materiais e Serviçoes do SIAD
Compras e Patrimônio;Compras e Contratos;pesquisa basica;Situação do Processo de Compra;Item de Material/Serviço;Página Principal / Compras e patrimônio / Compras e Contratos / Situação do Processo de Compra / Grupo de Material_Serviço / Classe de Material_Serviço /Material_Serviço;não;sim;sim;Quarto nível de especificação de materiais e serviços. Detalha o material/serviço.;-;não;Armazém SIAD;Item de Material/Serviço ;Portal Compras -Módulo de Compras >> Material/Serviço;Especificação do item material/serviço
Compras e Patrimônio;Compras e Contratos;pesquisa basica;Situação do Processo de Compra;Quantidade homologada;Página Principal / Compras e patrimônio / Compras e Contratos / Situação do Processo de Compra / Grupo de Material_Serviço / Classe de Material_Serviço /Material_Serviço;não;não;sim;Quantidade de material ou serviço que está sendo comprada;-;não;Armazém SIAD;Quantidade homologada;Portal Compras - Módulo de Compras ;Quantidade homologada para o item de material/serviço
Compras e Patrimônio;Compras e Contratos;pesquisa basica;Situação do Processo de Compra;Unidade de medida;Página Principal / Compras e patrimônio / Compras e Contratos / Situação do Processo de Compra / Grupo de Material_Serviço / Classe de Material_Serviço /Material_Serviço;não;não;sim;Padrão utilizado para mensurar o bem ou serviço comprado;-;não;Armazém SIAD;Unidade de fornecimento/Aquisição;Portal Compras - Módulo de Compras ;Descrição da unidade de fornecimento/aquisição do item de material/serviço
Compras e Patrimônio;Compras e Contratos;pesquisa basica;Situação do Processo de Compra;Número do Processo de Compra;Página Principal / Compras e patrimônio / Compras e Contratos / Situação do Processo de Compra / Grupo de Material_Serviço / Classe de Material_Serviço /Material_Serviço / Item de Material_Serviço;não;sim;sim;Número identificador do processo de compra no Portal de Compras;-;não;Armazém SIAD;Número Processo - Formatado;Portal Compras - Módulo de Compras ;Número de Identificação do Processo de Compra Formatado (formato UUUUUUU 999999/AAAA - Unidade de Compra, Número do Processo, Ano do Processo)
Compras e Patrimônio;Compras e Contratos;pesquisa basica;Situação do Processo de Compra;Objeto;Página Principal / Compras e patrimônio / Compras e Contratos / Situação do Processo de Compra / Grupo de Material_Serviço / Classe de Material_Serviço /Material_Serviço / Item de Material_Serviço;não;não;sim;Descrição dos bens e serviços que estão sendo comprados e sua finalidade.;-;não;Armazém SIAD;Objeto Processo;Portal Compras - Módulo de Compras ;Objeto do processo de compra
Compras e Patrimônio;Compras e Contratos;pesquisa basica;Situação do Processo de Compra;Órgão demandante;Página Principal / Compras e patrimônio / Compras e Contratos / Situação do Processo de Compra / Grupo de Material_Serviço / Classe de Material_Serviço /Material_Serviço / Item de Material_Serviço;não;não;sim;Órgão ou entidade que solicitou a compra de determinado material ou serviço. Pode coincidir ou não com o órgão que está executando o processo de compra.;-;não;Armazém SIAD;Nome Órgão/Entidade Pedido;Portal Compras - Módulo de Compras >> Unidade do Pedido >> Órgão/Entidade Pedido;Nome completo do órgão/entidade da unidade do pedido
Compras e Patrimônio;Compras e Contratos;pesquisa basica;Situação do Processo de Compra;Procedimento de Contratação;Página Principal / Compras e patrimônio / Compras e Contratos / Situação do Processo de Compra / Grupo de Material_Serviço / Classe de Material_Serviço /Material_Serviço / Item de Material_Serviço;não;não;sim;Inclui as modalidades de licitação (concorrência, tomada de preços, convite e leilão), pregão, dispensa, inexigibilidade, registro de preços, etc.;-;não;Armazém SIAD;Procedimento de Contratação - Detalhamento 1;Portal Compras - Módulo de Compras >> Procedimento de Contratação;Detalhamento  do Procedimento de Contratação -1 : Menos detalhado
Compras e Patrimônio;Compras e Contratos;Formulário de Detalhamento;Processo de Compra;Nº do Processo de Compra;Página Principal / Compras e patrimônio / Compras e Contratos / Procedimento de Contratação / Grupo de Material_Serviço / Classe de Material_Serviço / Material_Serviço / Item de Material_Serviço / Nº do processo de compra;não;sim;não;;-;não;Armazém SIAD;Número Processo - Formatado;Portal Compras - Módulo de Compras ;Número de Identificação do Processo de Compra Formatado (formato UUUUUUU 999999/AAAA - Unidade de Compra, Número do Processo, Ano do Processo)
Compras e Patrimônio;Compras e Contratos;Formulário de Detalhamento;Processo de Compra;Órgão que realizou a compra;Página Principal / Compras e patrimônio / Compras e Contratos / Procedimento de Contratação / Grupo de Material_Serviço / Classe de Material_Serviço / Material_Serviço / Item de Material_Serviço / Nº do processo de compra;não;não;não;;-;não;Armazém SIAD;Nome Órgão/Entidade Pedido;Portal Compras - Módulo de Compras >> Unidade do Pedido >> Órgão/Entidade Pedido;Nome completo do órgão/entidade da unidade do pedido
Compras e Patrimônio;Compras e Contratos;Formulário de Detalhamento;Processo de Compra;Objeto;Página Principal / Compras e patrimônio / Compras e Contratos / Procedimento de Contratação / Grupo de Material_Serviço / Classe de Material_Serviço / Material_Serviço / Item de Material_Serviço / Nº do processo de compra;não;não;não;;-;não;Armazém SIAD;Objeto Processo;Portal Compras - Módulo de Compras ;Objeto do processo de compra
Compras e Patrimônio;Compras e Contratos;Formulário de Detalhamento;Processo de Compra;Situação;Página Principal / Compras e patrimônio / Compras e Contratos / Procedimento de Contratação / Grupo de Material_Serviço / Classe de Material_Serviço / Material_Serviço / Item de Material_Serviço / Nº do processo de compra;não;não;não;;-;não;Armazém SIAD;Situação Processo;Portal Compras - Módulo de Compras ;Descrição da Situação do Processo de Compra ( Concluído, Em Andamento, Suspenso)
Compras e Patrimônio;Compras e Contratos;Formulário de Detalhamento;Processo de Compra;Procedimento de Contratação;Página Principal / Compras e patrimônio / Compras e Contratos / Procedimento de Contratação / Grupo de Material_Serviço / Classe de Material_Serviço / Material_Serviço / Item de Material_Serviço / Nº do processo de compra;não;não;não;;-;não;Armazém SIAD;Procedimento de Contratação - Detalhamento 1;Portal Compras - Módulo de Compras >> Procedimento de Contratação;Detalhamento  do Procedimento de Contratação -1 : Menos detalhado
Compras e Patrimônio;Compras e Contratos;Formulário de Detalhamento;Processo de Compra;Tipo de licitação;Página Principal / Compras e patrimônio / Compras e Contratos / Procedimento de Contratação / Grupo de Material_Serviço / Classe de Material_Serviço / Material_Serviço / Item de Material_Serviço / Nº do processo de compra;não;não;não;;-;não;Armazém SIAD;Tipo Licitação;Portal Compras - Módulo de Compras ;Descrição do tipo de licitação do processo de compra: menor preço, Melhor técnica, Técnica e Preço
Compras e Patrimônio;Compras e Contratos;Formulário de Detalhamento;Processo de Compra;Critério de Julgamento;Página Principal / Compras e patrimônio / Compras e Contratos / Procedimento de Contratação / Grupo de Material_Serviço / Classe de Material_Serviço / Material_Serviço / Item de Material_Serviço / Nº do processo de compra;não;não;não;;-;não;Armazém SIAD;Critério Julgamento;Portal Compras - Módulo de Compras ;Descrição do critério de julgamento utilizado no processo de compra: Por Item, Por Lote, Por maio desconto, Por menor taxa de administração, Por preço global
Compras e Patrimônio;Compras e Contratos;Formulário de Detalhamento;Processo de Compra;Valor Total de Referência;Página Principal / Compras e patrimônio / Compras e Contratos / Procedimento de Contratação / Grupo de Material_Serviço / Classe de Material_Serviço / Material_Serviço / Item de Material_Serviço / Nº do processo de compra;não;não;não;;-;não;Armazém SIAD;Valor Total Referência Item Processo;Portal Compras - Módulo de Compras ;Valor Total de referência do item de processo de compra, informado no processo de compra. Este valor está sendo calculado no Armazém, apresentando o valor rateado para o item de pedido
Compras e Patrimônio;Compras e Contratos;Formulário de Detalhamento;Processo de Compra;Valor Total Homologado;Página Principal / Compras e patrimônio / Compras e Contratos / Procedimento de Contratação / Grupo de Material_Serviço / Classe de Material_Serviço / Material_Serviço / Item de Material_Serviço / Nº do processo de compra;não;não;não;;-;não;Armazém SIAD;Valor Total Homologado;Portal Compras - Módulo de Compras ;Valor total homologado do item de material/serviço
Compras e Patrimônio;Compras e Contratos;Formulário de Detalhamento;Processo de Compra;Data de Cadastramento do Processo;Página Principal / Compras e patrimônio / Compras e Contratos / Procedimento de Contratação / Grupo de Material_Serviço / Classe de Material_Serviço / Material_Serviço / Item de Material_Serviço / Nº do processo de compra;não;não;não;;-;não;Armazém SIAD;Data Criação Processo;Portal Compras - Módulo de Compras >> Data de Criação do Processo;Data de Criação do Processo de Compra ( formatato DD/MM/AAAA)
Compras e Patrimônio;Compras e Contratos;Formulário de Detalhamento;Ítens do Processo de Compra;Item de Material/Serviço - código;Página Principal / Compras e patrimônio / Compras e Contratos / Procedimento de Contratação / Grupo de Material_Serviço / Classe de Material_Serviço / Material_Serviço / Item de Material_Serviço / Nº do processo de compra;não;não;não;;-;não;Armazém SIAD;Código Item Material/Serviço - Numérico;Portal Compras -Módulo de Compras >> Material/Serviço;Código numérico do item de material/serviço no Catálogo de Materiais e Serviçoes do SIAD
Compras e Patrimônio;Compras e Contratos;Formulário de Detalhamento;Ítens do Processo de Compra;Item de Material/Serviço - descrição;Página Principal / Compras e patrimônio / Compras e Contratos / Procedimento de Contratação / Grupo de Material_Serviço / Classe de Material_Serviço / Material_Serviço / Item de Material_Serviço / Nº do processo de compra;não;não;não;;-;não;Armazém SIAD;Item de Material/Serviço ;Portal Compras -Módulo de Compras >> Material/Serviço;Especificação do item material/serviço
Compras e Patrimônio;Compras e Contratos;Formulário de Detalhamento;Ítens do Processo de Compra;Material/Serviço;Página Principal / Compras e patrimônio / Compras e Contratos / Procedimento de Contratação / Grupo de Material_Serviço / Classe de Material_Serviço / Material_Serviço / Item de Material_Serviço / Nº do processo de compra;não;não;não;;-;não;Armazém SIAD;Material/Serviço;Portal Compras -Módulo de Compras >> Material/Serviço;Descrição Material/Serviço
Compras e Patrimônio;Compras e Contratos;Formulário de Detalhamento;Ítens do Processo de Compra;Classe de Material/Serviço;Página Principal / Compras e patrimônio / Compras e Contratos / Procedimento de Contratação / Grupo de Material_Serviço / Classe de Material_Serviço / Material_Serviço / Item de Material_Serviço / Nº do processo de compra;não;não;não;;-;não;Armazém SIAD;Classe Material/Serviço;Portal Compras -Módulo de Compras >> Material/Serviço;Descrição da Classe de Material/Serviço
Compras e Patrimônio;Compras e Contratos;Formulário de Detalhamento;Ítens do Processo de Compra;Grupo de Material/Serviço;Página Principal / Compras e patrimônio / Compras e Contratos / Procedimento de Contratação / Grupo de Material_Serviço / Classe de Material_Serviço / Material_Serviço / Item de Material_Serviço / Nº do processo de compra;não;não;não;;-;não;Armazém SIAD;Grupo Material/Serviço;Portal Compras -Módulo de Compras >> Material/Serviço;Descrição do Grupo de Material/Serviço
Compras e Patrimônio;Compras e Contratos;Formulário de Detalhamento;Ítens do Processo de Compra;Elemento Item;Página Principal / Compras e patrimônio / Compras e Contratos / Procedimento de Contratação / Grupo de Material_Serviço / Classe de Material_Serviço / Material_Serviço / Item de Material_Serviço / Nº do processo de compra;não;não;não;;-;não;Armazém SIAD;Nome Elemento Item da Despesa;Portal Compras - Módulo de Compras >> Elemento Item Despesa;Nome do elemento item de despesa, na classificalçao econômica da Despesa do Estado, vinculado ao item de pedido de compra
Compras e Patrimônio;Compras e Contratos;Formulário de Detalhamento;Ítens do Processo de Compra;Natureza de Despesa;Página Principal / Compras e patrimônio / Compras e Contratos / Procedimento de Contratação / Grupo de Material_Serviço / Classe de Material_Serviço / Material_Serviço / Item de Material_Serviço / Nº do processo de compra;não;não;não;;-;não;Armazém SIAD;Natureza da despesa;Portal Compras -Módulo de Compras >> Material/Serviço;Descrição da natureza de despesa vinculada ao material/serviço no Catálogo de Materiais e Serviços do SIAD: Material Consumo, Material Permanente, Serviços, Obras
Compras e Patrimônio;Compras e Contratos;Formulário de Detalhamento;Ítens do Processo de Compra;Unidade Orçamentária;Página Principal / Compras e patrimônio / Compras e Contratos / Procedimento de Contratação / Grupo de Material_Serviço / Classe de Material_Serviço / Material_Serviço / Item de Material_Serviço / Nº do processo de compra;não;não;não;;-;não;Armazém SIAD;Nome Unidade Orçamentária;Portal Compras -Módulo de Compras >> Unidade Orçamentária;Nome da unidade orçamentrária vinculado ao item de pedido de compra
Compras e Patrimônio;Compras e Contratos;Formulário de Detalhamento;Ítens do Processo de Compra;Órgão demandante;Página Principal / Compras e patrimônio / Compras e Contratos / Procedimento de Contratação / Grupo de Material_Serviço / Classe de Material_Serviço / Material_Serviço / Item de Material_Serviço / Nº do processo de compra;não;não;não;;-;não;Armazém SIAD;Nome Órgão/Entidade Pedido;Portal Compras - Módulo de Compras >> Unidade do Pedido >> Órgão/Entidade Pedido;Nome completo do órgão/entidade da unidade do pedido
Compras e Patrimônio;Compras e Contratos;Formulário de Detalhamento;Ítens do Processo de Compra;Fornecedor;Página Principal / Compras e patrimônio / Compras e Contratos / Procedimento de Contratação / Grupo de Material_Serviço / Classe de Material_Serviço / Material_Serviço / Item de Material_Serviço / Nº do processo de compra;não;não;não;;-;não;Armazém SIAD;Nome Empresarial/Nome Fornecedor no Processo;Portal Compras - Módulo de Compras >> Fornecedor;Nome Empresarial/Nome Fornecedor registrado na proposta vencedora
Compras e Patrimônio;Compras e Contratos;Formulário de Detalhamento;Ítens do Processo de Compra;Linha de Fornecimento;Página Principal / Compras e patrimônio / Compras e Contratos / Procedimento de Contratação / Grupo de Material_Serviço / Classe de Material_Serviço / Material_Serviço / Item de Material_Serviço / Nº do processo de compra;não;não;não;;-;não;Armazém SIAD;Descrição linha de Fornecimento;Portal Compras - Módulo de Compras ;Descrição da linha de Fornecimento vinculada ao item de material/serviço
Compras e Patrimônio;Compras e Contratos;Formulário de Detalhamento;Ítens do Processo de Compra;Data de Homologação;Página Principal / Compras e patrimônio / Compras e Contratos / Procedimento de Contratação / Grupo de Material_Serviço / Classe de Material_Serviço / Material_Serviço / Item de Material_Serviço / Nº do processo de compra;não;não;não;;-;não;Armazém SIAD;Data Homologação Item Processo;Portal Compras - Módulo de Compras >> Data de homologação do Item de Processo;Data de Homologação Item Processo de Compra (formato DD/MM/AAAA)
Compras e Patrimônio;Compras e Contratos;Formulário de Detalhamento;Ítens do Processo de Compra;Cidade de entrega;Página Principal / Compras e patrimônio / Compras e Contratos / Procedimento de Contratação / Grupo de Material_Serviço / Classe de Material_Serviço / Material_Serviço / Item de Material_Serviço / Nº do processo de compra;não;não;não;;-;não;Armazém SIAD;Cidade de Entrega Item;Portal Compras - Módulo de Compras ;Nome da Cidade de entrega vinculada ao item de material/serviço
Compras e Patrimônio;Compras e Contratos;Formulário de Detalhamento;Ítens do Processo de Compra;Quantidade homologada;Página Principal / Compras e patrimônio / Compras e Contratos / Procedimento de Contratação / Grupo de Material_Serviço / Classe de Material_Serviço / Material_Serviço / Item de Material_Serviço / Nº do processo de compra;não;não;não;;-;não;Armazém SIAD;Quantidade homologada;Portal Compras - Módulo de Compras ;Quantidade homologada para o item de material/serviço
Compras e Patrimônio;Compras e Contratos;Formulário de Detalhamento;Ítens do Processo de Compra;Unidade de medida;Página Principal / Compras e patrimônio / Compras e Contratos / Procedimento de Contratação / Grupo de Material_Serviço / Classe de Material_Serviço / Material_Serviço / Item de Material_Serviço / Nº do processo de compra;não;não;não;;-;não;Armazém SIAD;Unidade de fornecimento/Aquisição;Portal Compras - Módulo de Compras ;Descrição da unidade de fornecimento/aquisição do item de material/serviço
Compras e Patrimônio;Compras e Contratos;Formulário de Detalhamento;Ítens do Processo de Compra;Valor de Referência Unitário;Página Principal / Compras e patrimônio / Compras e Contratos / Procedimento de Contratação / Grupo de Material_Serviço / Classe de Material_Serviço / Material_Serviço / Item de Material_Serviço / Nº do processo de compra;não;não;não;;-;não;Armazém SIAD;Valor Unitário Referência Item do Processo;Portal Compras - Módulo de Compras ;Valor unitário de referência do item de material/serviço no item de processo
Compras e Patrimônio;Compras e Contratos;Formulário de Detalhamento;Ítens do Processo de Compra;Valor Total de Referência;Página Principal / Compras e patrimônio / Compras e Contratos / Procedimento de Contratação / Grupo de Material_Serviço / Classe de Material_Serviço / Material_Serviço / Item de Material_Serviço / Nº do processo de compra;não;não;não;;-;não;Armazém SIAD;Valor Total Referência Item Processo;Portal Compras - Módulo de Compras ;Valor Total de referência do item de processo de compra, informado no processo de compra. Este valor está sendo calculado no Armazém, apresentando o valor rateado para o item de pedido
Compras e Patrimônio;Compras e Contratos;Formulário de Detalhamento;Ítens do Processo de Compra;Valor de Homologado Unitário;Página Principal / Compras e patrimônio / Compras e Contratos / Procedimento de Contratação / Grupo de Material_Serviço / Classe de Material_Serviço / Material_Serviço / Item de Material_Serviço / Nº do processo de compra;não;não;não;;-;não;Armazém SIAD;Valor Unitário Homologado Item do Processo;Portal Compras - Módulo de Compras ;Valor unitário homologado do item de material/serviço no item de processo
Compras e Patrimônio;Compras e Contratos;Formulário de Detalhamento;Ítens do Processo de Compra;Valor Total de Homologado;Página Principal / Compras e patrimônio / Compras e Contratos / Procedimento de Contratação / Grupo de Material_Serviço / Classe de Material_Serviço / Material_Serviço / Item de Material_Serviço / Nº do processo de compra;não;não;não;;-;não;Armazém SIAD;Valor Total Homologado;Portal Compras - Módulo de Compras ;Valor total homologado do item de material/serviço
Compras e Patrimônio;Compras e Contratos;Formulário de Detalhamento;Ítens do Processo de Compra;Nº do Contrato;Página Principal / Compras e patrimônio / Compras e Contratos / Procedimento de Contratação / Grupo de Material_Serviço / Classe de Material_Serviço / Material_Serviço / Item de Material_Serviço / Nº do processo de compra;não;sim;não;;-;não;Armazém SIAD;Número Contrato;Portal Compras - Módulo de Compras >> Contrato;Número de Registro do Contrato
Compras e Patrimônio;Compras e Contratos;Formulário de Detalhamento;Nota de empenho;Nº do empenho;Página Principal / Compras e patrimônio / Compras e Contratos / Procedimento de Contratação / Grupo de Material_Serviço / Classe de Material_Serviço / Material_Serviço / Item de Material_Serviço / Nº do processo de compra;não;não;não;;-;não;Armazém SIAFI;Número Empenho;Execução Orçamentária da Despesa >> Despesa Realizada >> Dados do Empenho - Despesa;Número do documeto de empenho
Compras e Patrimônio;Compras e Contratos;Formulário de Detalhamento;Nota de empenho;Credor - nome;Página Principal / Compras e patrimônio / Compras e Contratos / Procedimento de Contratação / Grupo de Material_Serviço / Classe de Material_Serviço / Material_Serviço / Item de Material_Serviço / Nº do processo de compra;não;não;não;;-;não;Armazém SIAFI;Razão Social Credor;Execução Orçamentária da Despesa >> Despesa Realizada >> Credor - Despesa;Razão Social Credor
Compras e Patrimônio;Compras e Contratos;Formulário de Detalhamento;Nota de empenho;Credor - código;Página Principal / Compras e patrimônio / Compras e Contratos / Procedimento de Contratação / Grupo de Material_Serviço / Classe de Material_Serviço / Material_Serviço / Item de Material_Serviço / Nº do processo de compra;não;não;não;;-;não;Armazém SIAFI;CNPJ_CPF credor númerico;Execução Orçamentária da Despesa >> Despesa Realizada >> Credor - Despesa;Código de CNPJ ou CPF do credor
Compras e Patrimônio;Compras e Contratos;Formulário de Detalhamento;Nota de empenho;Valor;Página Principal / Compras e patrimônio / Compras e Contratos / Procedimento de Contratação / Grupo de Material_Serviço / Classe de Material_Serviço / Material_Serviço / Item de Material_Serviço / Nº do processo de compra;não;não;não;;-;não;Armazém SIAFI;valor inicial Empenho;Execução Orçamentária da Despesa >> Despesa Realizada ;Valor inicial em reais do empenho
Compras e Patrimônio;Compras e Contratos;Formulário de Detalhamento;Nota de empenho;Unidade Orçamentária - código;Página Principal / Compras e patrimônio / Compras e Contratos / Procedimento de Contratação / Grupo de Material_Serviço / Classe de Material_Serviço / Material_Serviço / Item de Material_Serviço / Nº do processo de compra;não;não;não;;-;não;Armazém SIAFI;Unidade Orçamentária - código;Unidade Orçamentária;Código representativo da unidade orçamentária (4 dígitos)
Compras e Patrimônio;Compras e Contratos;Formulário de Detalhamento;Nota de empenho;Unidade Orçamentária - descrição;Página Principal / Compras e patrimônio / Compras e Contratos / Procedimento de Contratação / Grupo de Material_Serviço / Classe de Material_Serviço / Material_Serviço / Item de Material_Serviço / Nº do processo de compra;não;não;não;;-;não;Armazém SIAFI;Unidade Orçamentária - nome;Unidade Orçamentária;Nome completo da unidade orçamentária
Compras e Patrimônio;Compras e Contratos;Formulário de Detalhamento;Nota de empenho;Programa de Trabalho - código;Página Principal / Compras e patrimônio / Compras e Contratos / Procedimento de Contratação / Grupo de Material_Serviço / Classe de Material_Serviço / Material_Serviço / Item de Material_Serviço / Nº do processo de compra;não;não;não;;-;não;Armazém SIAFI;Programa - Código;Execução Orçamentária da Despesa >> Despesa Realizada >> Programa de Trabalho - Despesa;Código identificador da procedência dos recursos financeiros conforme SIAFI-MG (1 dígito)
Compras e Patrimônio;Compras e Contratos;Formulário de Detalhamento;Nota de empenho;Programa de Trabalho - descrição;Página Principal / Compras e patrimônio / Compras e Contratos / Procedimento de Contratação / Grupo de Material_Serviço / Classe de Material_Serviço / Material_Serviço / Item de Material_Serviço / Nº do processo de compra;não;não;não;;-;não;Armazém SIAFI;Programa - Descrição;Execução Orçamentária da Despesa >> Despesa Realizada >> Natureza da Despesa Realizada;Descrição da procedência dos recursos financeiros
Compras e Patrimônio;Compras e Contratos;Formulário de Detalhamento;Nota de empenho;Natureza da Despesa - código;Página Principal / Compras e patrimônio / Compras e Contratos / Procedimento de Contratação / Grupo de Material_Serviço / Classe de Material_Serviço / Material_Serviço / Item de Material_Serviço / Nº do processo de compra;não;não;não;;-;não;Armazém SIAFI;Natureza da Despesa - código;Execução Orçamentária da Despesa >> Despesa Realizada >> Programa de Trabalho - Despesa;Código da natureza de despesa apropriada 6 dígitos
Compras e Patrimônio;Compras e Contratos;Formulário de Detalhamento;Nota de empenho;Natureza da Despesa - descrição;Página Principal / Compras e patrimônio / Compras e Contratos / Procedimento de Contratação / Grupo de Material_Serviço / Classe de Material_Serviço / Material_Serviço / Item de Material_Serviço / Nº do processo de compra;não;não;não;;-;não;Armazém SIAFI;NÃO LOCALIZADO - Natureza despesa descrição;;
Compras e Patrimônio;Compras e Contratos;Formulário de Detalhamento;Nota de empenho;Fonte - código;Página Principal / Compras e patrimônio / Compras e Contratos / Procedimento de Contratação / Grupo de Material_Serviço / Classe de Material_Serviço / Material_Serviço / Item de Material_Serviço / Nº do processo de compra;não;não;não;;-;não;Armazém SIAFI;Fonte de Recurso - Código;Execução Orçamentária da Despesa >> Despesa Realizada >> GMIFP - Despesa;Código referente à fonte dos recursos financeiros, de acordo SIAFI-MG (2 dígito)
Compras e Patrimônio;Compras e Contratos;Formulário de Detalhamento;Nota de empenho;Fonte - descrição;Página Principal / Compras e patrimônio / Compras e Contratos / Procedimento de Contratação / Grupo de Material_Serviço / Classe de Material_Serviço / Material_Serviço / Item de Material_Serviço / Nº do processo de compra;não;não;não;;-;não;Armazém SIAFI;Fonte de Recurso - Descrição;Execução Orçamentária da Despesa >> Despesa Realizada >> GMIFP - Despesa;Descrição da fonte dos recursos financeiros
Compras e Patrimônio;Compras e Contratos;Formulário de Detalhamento;Nota de empenho;Tipo de Empenho;Página Principal / Compras e patrimônio / Compras e Contratos / Procedimento de Contratação / Grupo de Material_Serviço / Classe de Material_Serviço / Material_Serviço / Item de Material_Serviço / Nº do processo de compra;não;não;não;;-;não;Armazém SIAFI;Tipo Empenho  - Descrição;Execução Orçamentária da Despesa >> Despesa Realizada >> Dados do Empenho - Despesa;Descrição do tipo de empenho: ordinário, Estimativo, Global, Extra-orçamentário
Compras e Patrimônio;Compras e Contratos;Formulário de Detalhamento;Nota de empenho;Data de Registro;Página Principal / Compras e patrimônio / Compras e Contratos / Procedimento de Contratação / Grupo de Material_Serviço / Classe de Material_Serviço / Material_Serviço / Item de Material_Serviço / Nº do processo de compra;não;não;não;;-;não;Armazém SIAFI;Data Registro Doc Empenho;Execução Orçamentária da Despesa >> Despesa Realizada >> Dados do Empenho - Despesa;Data completa do registro do documeto de empenho (DD/MM/AAAA)
Compras e Patrimônio;Compras e Contratos;Formulário de Detalhamento;Nota de empenho;Dotações Orçamentárias;Página Principal / Compras e patrimônio / Compras e Contratos / Procedimento de Contratação / Grupo de Material_Serviço / Classe de Material_Serviço / Material_Serviço / Item de Material_Serviço / Nº do processo de compra;não;não;não;;Junção dos Campos: UO+Função+Subfunção+Programa+Ação+Subação+Categ. Econômica+Grupo+Modalidade+Elemento Item+IAG+Fonte+Procedência;não;Armazém SIAFI;Junção de vários campos;;
Compras e Patrimônio;Compras e Contratos;Formulário de Detalhamento;Nota de empenho;Histórico de Referência;Página Principal / Compras e patrimônio / Compras e Contratos / Procedimento de Contratação / Grupo de Material_Serviço / Classe de Material_Serviço / Material_Serviço / Item de Material_Serviço / Nº do processo de compra;não;não;não;;-;não;Armazém SIAFI;NÃO LOCALIZADO - Descrição do Empenho;;
Compras e Patrimônio;Compras e Contratos;Formulário de Detalhamento;Nota de Reforço de Empenho;Nº do Reforço;Página Principal / Compras e patrimônio / Compras e Contratos / Procedimento de Contratação / Grupo de Material_Serviço / Classe de Material_Serviço / Material_Serviço / Item de Material_Serviço / Nº do processo de compra;;;;;;não;Armazém SIAFI;NÃO LOCALIZADO - Número documento do Reforço;;
Compras e Patrimônio;Compras e Contratos;Formulário de Detalhamento;Nota de Reforço de Empenho;Data;Página Principal / Compras e patrimônio / Compras e Contratos / Procedimento de Contratação / Grupo de Material_Serviço / Classe de Material_Serviço / Material_Serviço / Item de Material_Serviço / Nº do processo de compra;;;;;;não;Armazém SIAFI;Data Reforço/Anulação;Execução Orçamentária da Despesa >> Despesa Realizada >> Dados Reforço / Anulação - Despesa;Data completa do registro de reforço/anulação do empenho (DD/MM/AAAA)
Compras e Patrimônio;Compras e Contratos;Formulário de Detalhamento;Nota de Reforço de Empenho;Valor;Página Principal / Compras e patrimônio / Compras e Contratos / Procedimento de Contratação / Grupo de Material_Serviço / Classe de Material_Serviço / Material_Serviço / Item de Material_Serviço / Nº do processo de compra;;;;;;não;Armazém SIAFI;Valor Reforço Empenho;Execução Orçamentária da Despesa >> Despesa Realizada ;Valor, em reais, de acréscimo ao valor inicial do empenho
Compras e Patrimônio;Compras e Contratos;pesquisa basica;Contratos por órgão;Ano;Página Principal / Compras e patrimônio / Compras e Contratos / Contratos por órgão ;sim;não;não;;;não;Armazém SIAD;Ano de Publicação Contrato;Portal Compras - Módulo de Compras >> Contrato >> Data Publicação Contrato;Ano da data de publicação do contrato
Compras e Patrimônio;Compras e Contratos;pesquisa basica;Contratos por órgão;Código;Página Principal / Compras e patrimônio / Compras e Contratos / Contratos por órgão ;não;não;não;;Códido co órgão do contrato;não;Armazém SIAD;Código Órgão/Entidade Contratante;Portal Compras - Módulo de Compras >> Contrato >> Órgão Contratante;Código numérico do órgão/entidade responsável pelo contrato (formato 9999). No caso de contratos múltiplos, trata-se do órgão da unidade gestora do contrato
Compras e Patrimônio;Compras e Contratos;pesquisa basica;Contratos por órgão;Órgão Contrato;Página Principal / Compras e patrimônio / Compras e Contratos / Contratos por órgão ;não;sim;sim;Órgão ou entidade que formalizou o instrumento de contratação.;-;não;Armazém SIAD;Nome Órgão/Entidade Contratante;Portal Compras - Módulo de Compras >> Contrato >> Órgão Contratante;Nome completo do órgão/entidade responsável pelo contrato
Compras e Patrimônio;Compras e Contratos;pesquisa basica;Contratos por órgão;Valor Publicado;Página Principal / Compras e patrimônio / Compras e Contratos / Contratos por órgão ;não;não;sim;Valor original do contrato, conforme processo de compra, sem considerar acréscimos ou decréscimos de aditivos e supressões posteriores.;-;não;Armazém SIAD;Valor Total Homologado;Portal Compras - Módulo de Compras ;Valor total homologado do item de material/serviço
Compras e Patrimônio;Compras e Contratos;pesquisa basica;Contratos por órgão;Valor Atualizado;Página Principal / Compras e patrimônio / Compras e Contratos / Contratos por órgão ;não;não;sim;Valor atualizado do contrato, considerando aditivos e supressões de valor.;-;não;Armazém SIAD;Valor Total Atualizado;Portal Compras - Módulo de Compras ;Valor total do item de material/serviço atualizado pelas alterações contratuais, com ou sem termo de contrato
Compras e Patrimônio;Compras e Contratos;pesquisa basica;Contratos por órgão;Número do Contrato;Página Principal / Compras e patrimônio / Compras e Contratos / Contratos por órgão ;não;sim;não;;-;não;Armazém SIAD;Número Contrato;Portal Compras - Módulo de Compras >> Contrato;Número de Registro do Contrato
Compras e Patrimônio;Compras e Contratos;pesquisa basica;Contratos por órgão;CNPJ/CPF;Página Principal / Compras e patrimônio / Compras e Contratos / Contratos por órgão ;não;não;sim;"Número de identificação; Pessoa Jurídica (CNPJ) e Pessoa física (CPF).";-;não;Armazém SIAD;CNPJ/CPF Fornecedor Númerico;Portal Compras - Módulo de Compras >> Fornecedor;Número de registro (sem formatação) do fornecedor no Cadastro Nacional de Pessoas Físicas ou Jutídicas (formato 99999999999 ou 999999999999999)
Compras e Patrimônio;Compras e Contratos;pesquisa basica;Contratos por órgão;Contratado;Página Principal / Compras e patrimônio / Compras e Contratos / Contratos por órgão ;não;não;sim;Nome da pessoa física ou jurídica contratada para prestar um serviço ou entregar bens materiais ao Estado.;-;não;Armazém SIAD;Nome Empresarial/Nome Fornecedor no Processo;Portal Compras - Módulo de Compras >> Fornecedor;Nome Empresarial/Nome Fornecedor registrado na proposta vencedora
Compras e Patrimônio;Compras e Contratos;pesquisa basica;Contratos por órgão;Objeto do Contrato;Página Principal / Compras e patrimônio / Compras e Contratos / Contratos por órgão ;não;não;sim;Descrição dos bens e serviços que serão fornecidos pelo contratado.;-;não;Armazém SIAD;Objeto do Contrato;Portal Compras - Módulo de Compras >> Contrato;Descrição do Objeto do Contrato
Compras e Patrimônio;Compras e Contratos;pesquisa basica;Contratos por órgão;Situação do Contrato;Página Principal / Compras e patrimônio / Compras e Contratos / Contratos por órgão ;não;não;sim;Situação em que se encontra o contrato quanto a sua vigência.;-;não;Armazém SIAD;Situação Contrato;Portal Compras - Módulo de Compras >> Contrato;Descrição da situação do Contrato ( Encerrado, Rescindido, Em andamento, Vencido, Vigente Publicado)
Compras e Patrimônio;Compras e Contratos;Formulário de Detalhamento;Contrato;Nº do Contrato;Página Principal / Compras e patrimônio / Compras e Contratos / Contratos por órgão / Número do Contrato;não;não;não;;-;não;Armazém SIAD;Número Contrato;Portal Compras - Módulo de Compras >> Contrato;Número de Registro do Contrato
Compras e Patrimônio;Compras e Contratos;Formulário de Detalhamento;Contrato;Órgão do Contrato;Página Principal / Compras e patrimônio / Compras e Contratos / Contratos por órgão / Número do Contrato;não;não;não;;-;não;Armazém SIAD;Nome Órgão/Entidade Contratante;Portal Compras - Módulo de Compras >> Contrato >> Órgão Contratante;Nome completo do órgão/entidade responsável pelo contrato
Compras e Patrimônio;Compras e Contratos;Formulário de Detalhamento;Contrato;Contratado;Página Principal / Compras e patrimônio / Compras e Contratos / Contratos por órgão / Número do Contrato;não;não;não;;-;não;Armazém SIAD;Nome Empresarial/Nome Fornecedor no Processo;Portal Compras - Módulo de Compras >> Fornecedor;Nome Empresarial/Nome Fornecedor registrado na proposta vencedora
Compras e Patrimônio;Compras e Contratos;Formulário de Detalhamento;Contrato;Situação do Contrato;Página Principal / Compras e patrimônio / Compras e Contratos / Contratos por órgão / Número do Contrato;não;não;não;;-;não;Armazém SIAD;Situação Contrato;Portal Compras - Módulo de Compras >> Contrato;Descrição da situação do Contrato ( Encerrado, Rescindido, Em andamento, Vencido, Vigente Publicado)
Compras e Patrimônio;Compras e Contratos;Formulário de Detalhamento;Contrato;Objeto;Página Principal / Compras e patrimônio / Compras e Contratos / Contratos por órgão / Número do Contrato;não;não;não;;Objeto do Contrato;não;Armazém SIAD;Objeto do Contrato;Portal Compras - Módulo de Compras >> Contrato;Descrição do Objeto do Contrato
Compras e Patrimônio;Compras e Contratos;Formulário de Detalhamento;Contrato;Tipo de Contrato;Página Principal / Compras e patrimônio / Compras e Contratos / Contratos por órgão / Número do Contrato;não;não;não;;-;não;Armazém SIAD;Descrição Tipo de Contrato;Portal Compras - Módulo de Compras >> Contrato;Descrição do Tipo de Contrato
Compras e Patrimônio;Compras e Contratos;Formulário de Detalhamento;Contrato;Data de Publicação;Página Principal / Compras e patrimônio / Compras e Contratos / Contratos por órgão / Número do Contrato;não;não;não;;-;não;Armazém SIAD;Data publicação Contrato;Portal Compras - Módulo de Compras >> Contrato >> Data Publicação Contrato;Data de Publicação do Contrato
Compras e Patrimônio;Compras e Contratos;Formulário de Detalhamento;Contrato;Número do Processo de Compra;Página Principal / Compras e patrimônio / Compras e Contratos / Contratos por órgão / Número do Contrato;não;não;não;;-;não;Armazém SIAD;Número Processo - Formatado;Portal Compras - Módulo de Compras ;Número de Identificação do Processo de Compra Formatado (formato UUUUUUU 999999/AAAA - Unidade de Compra, Número do Processo, Ano do Processo)
Compras e Patrimônio;Compras e Contratos;Formulário de Detalhamento;Contrato;Procedimento de Contratação;Página Principal / Compras e patrimônio / Compras e Contratos / Contratos por órgão / Número do Contrato;não;não;não;;-;não;Armazém SIAD;Procedimento de Contratação - Detalhamento 1;Portal Compras - Módulo de Compras >> Procedimento de Contratação;Detalhamento  do Procedimento de Contratação -1 : Menos detalhado
Compras e Patrimônio;Compras e Contratos;Formulário de Detalhamento;Contrato;Início da Vigência;Página Principal / Compras e patrimônio / Compras e Contratos / Contratos por órgão / Número do Contrato;não;não;não;;-;não;Armazém SIAD;Data Início Vigênia Contrato;Portal Compras - Módulo de Compras >> Contrato >> Data Início Vigência Contrato;Data de início da vigênia do Contrato (formato DD/MM/AAAA)
Compras e Patrimônio;Compras e Contratos;Formulário de Detalhamento;Contrato;Fim da Vigência;Página Principal / Compras e patrimônio / Compras e Contratos / Contratos por órgão / Número do Contrato;não;não;não;;-;não;Armazém SIAD;Data término vigência Contrato;Portal Compras - Módulo de Compras >> Contrato >> Data Atualizada Término Vigência Contrato;Data do término de vigência do contrato, atualizada pelos seus termos contratuais (formato DD/MM/AAAA)
Compras e Patrimônio;Compras e Contratos;Formulário de Detalhamento;Contrato;Valor Homologado;Página Principal / Compras e patrimônio / Compras e Contratos / Contratos por órgão / Número do Contrato;não;não;não;;-;não;Armazém SIAD;Valor Total Homologado;Portal Compras - Módulo de Compras ;Valor total homologado do item de material/serviço
Compras e Patrimônio;Compras e Contratos;Formulário de Detalhamento;Contrato;Valor Atualizado;Página Principal / Compras e patrimônio / Compras e Contratos / Contratos por órgão / Número do Contrato;não;não;não;;-;não;Armazém SIAD;Valor Total Atualizado;Portal Compras - Módulo de Compras ;Valor total do item de material/serviço atualizado pelas alterações contratuais, com ou sem termo de contrato
Compras e Patrimônio;Compras e Contratos;Formulário de Detalhamento;Itens do Contrato;Item de Material/Serviço - código;Página Principal / Compras e patrimônio / Compras e Contratos / Contratos por órgão / Número do Contrato;não;não;não;;-;não;Armazém SIAD;Código Item Material/Serviço - Numérico;Portal Compras -Módulo de Compras >> Material/Serviço;Código numérico do Item de material/serviço no Catálogo de Materiais e Serviçoes do SIAD
Compras e Patrimônio;Compras e Contratos;Formulário de Detalhamento;Itens do Contrato;Item de Material/Serviço - descrição;Página Principal / Compras e patrimônio / Compras e Contratos / Contratos por órgão / Número do Contrato;não;não;não;;-;não;Armazém SIAD;Item de Material/Serviço ;Portal Compras -Módulo de Compras >> Material/Serviço;Especificação do item material/serviço
Compras e Patrimônio;Compras e Contratos;Formulário de Detalhamento;Itens do Contrato;Material/Serviço;Página Principal / Compras e patrimônio / Compras e Contratos / Contratos por órgão / Número do Contrato;não;não;não;;-;não;Armazém SIAD;Material/Serviço;Portal Compras -Módulo de Compras >> Material/Serviço;Descrição Material/Serviço
Compras e Patrimônio;Compras e Contratos;Formulário de Detalhamento;Itens do Contrato;Classe de Material/Serviço;Página Principal / Compras e patrimônio / Compras e Contratos / Contratos por órgão / Número do Contrato;não;não;não;;-;não;Armazém SIAD;Classe Material/Serviço;Portal Compras -Módulo de Compras >> Material/Serviço;Descrição da Classe de Material/Serviço
Compras e Patrimônio;Compras e Contratos;Formulário de Detalhamento;Itens do Contrato;Grupo de Material/Serviço;Página Principal / Compras e patrimônio / Compras e Contratos / Contratos por órgão / Número do Contrato;não;não;não;;-;não;Armazém SIAD;Grupo Material/Serviço;Portal Compras -Módulo de Compras >> Material/Serviço;Descrição do Grupo de Material/Serviço
Compras e Patrimônio;Compras e Contratos;Formulário de Detalhamento;Itens do Contrato;Elemento Item;Página Principal / Compras e patrimônio / Compras e Contratos / Contratos por órgão / Número do Contrato;não;não;não;;-;não;Armazém SIAD;Nome Elemento Item da Despesa;Portal Compras - Módulo de Compras >> Elemento Item Despesa;Nome do elemento item de despesa, na classificalçao econômica da Despesa do Estado, vinculado ao item de pedido de compra
Compras e Patrimônio;Compras e Contratos;Formulário de Detalhamento;Itens do Contrato;Natureza de Despesa;Página Principal / Compras e patrimônio / Compras e Contratos / Contratos por órgão / Número do Contrato;não;não;não;;-;não;Armazém SIAD;Natureza da despesa;Portal Compras -Módulo de Compras >> Material/Serviço;Descrição da natureza de despesa vinculada ao material/serviço no Catálogo de Materiais e Serviços do SIAD: Material Consumo, Material Permanente, Serviços, Obras
Compras e Patrimônio;Compras e Contratos;Formulário de Detalhamento;Itens do Contrato;Unidade Orçamentária;Página Principal / Compras e patrimônio / Compras e Contratos / Contratos por órgão / Número do Contrato;não;não;não;;-;não;Armazém SIAD;Nome Unidade Orçamentária;Portal Compras -Módulo de Compras >> Unidade Orçamentária;Nome da unidade orçamentrária vinculado ao item de pedido de compra
Compras e Patrimônio;Compras e Contratos;Formulário de Detalhamento;Itens do Contrato;Órgão demandante do Processo de Compra;Página Principal / Compras e patrimônio / Compras e Contratos / Contratos por órgão / Número do Contrato;não;não;não;;-;não;Armazém SIAD;Nome Órgão/Entidade Pedido;Portal Compras - Módulo de Compras >> Unidade do Pedido >> Órgão/Entidade Pedido;Nome completo do órgão/entidade da unidade do pedido
Compras e Patrimônio;Compras e Contratos;Formulário de Detalhamento;Itens do Contrato;Linha de Fornecimento;Página Principal / Compras e patrimônio / Compras e Contratos / Contratos por órgão / Número do Contrato;não;não;não;;-;não;Armazém SIAD;Descrição linha de Fornecimento;Portal Compras - Módulo de Compras ;Descrição da linha de Fornecimento vinculada ao item de material/serviço
Compras e Patrimônio;Compras e Contratos;Formulário de Detalhamento;Itens do Contrato;Data de Homologação;Página Principal / Compras e patrimônio / Compras e Contratos / Contratos por órgão / Número do Contrato;não;não;não;;-;não;Armazém SIAD;Data Homologação Item Processo;Portal Compras - Módulo de Compras >> Data de homologação do Item de Processo;Data de Homologação Item Processo de Compra (formato DD/MM/AAAA)
Compras e Patrimônio;Compras e Contratos;Formulário de Detalhamento;Itens do Contrato;Cidade de entrega;Página Principal / Compras e patrimônio / Compras e Contratos / Contratos por órgão / Número do Contrato;não;não;não;;-;não;Armazém SIAD;Cidade de Entrega Item;Portal Compras - Módulo de Compras ;Nome da Cidade de entrega vinculada ao item de material/serviço
Compras e Patrimônio;Compras e Contratos;Formulário de Detalhamento;Itens do Contrato;Quantidade homologada;Página Principal / Compras e patrimônio / Compras e Contratos / Contratos por órgão / Número do Contrato;não;não;não;;-;não;Armazém SIAD;Quantidade homologada;Portal Compras - Módulo de Compras ;Quantidade homologada para o item de material/serviço
Compras e Patrimônio;Compras e Contratos;Formulário de Detalhamento;Itens do Contrato;Unidade de medida;Página Principal / Compras e patrimônio / Compras e Contratos / Contratos por órgão / Número do Contrato;não;não;não;;-;não;Armazém SIAD;Unidade de fornecimento/Aquisição;Portal Compras - Módulo de Compras ;Descrição da unidade de fornecimento/aquisição do item de material/serviço
Compras e Patrimônio;Compras e Contratos;Formulário de Detalhamento;Itens do Contrato;Valor de Referência Unitário;Página Principal / Compras e patrimônio / Compras e Contratos / Contratos por órgão / Número do Contrato;não;não;não;;-;não;Armazém SIAD;Valor Unitário Referência Item do Processo;Portal Compras - Módulo de Compras ;Valor unitário de referência do item de material/serviço no item de processo
Compras e Patrimônio;Compras e Contratos;Formulário de Detalhamento;Itens do Contrato;Valor Total de Referência;Página Principal / Compras e patrimônio / Compras e Contratos / Contratos por órgão / Número do Contrato;não;não;não;;-;não;Armazém SIAD;Valor Total Referência Item do Processo;Portal Compras - Módulo de Compras ;Valor Total de referência do item de processo de compra, informado no processo de compra. Este valor está sendo calculado no Armazém, apresentando o valor rateado para o item de pedido
Compras e Patrimônio;Compras e Contratos;Formulário de Detalhamento;Itens do Contrato;Valor de Homologado Unitário;Página Principal / Compras e patrimônio / Compras e Contratos / Contratos por órgão / Número do Contrato;não;não;não;;-;não;Armazém SIAD;Valor Unitário Homologado Item do Processo;Portal Compras - Módulo de Compras ;Valor unitário homologado do item de material/serviço no item de processo
Compras e Patrimônio;Compras e Contratos;Formulário de Detalhamento;Itens do Contrato;Valor Total de Homologado;Página Principal / Compras e patrimônio / Compras e Contratos / Contratos por órgão / Número do Contrato;não;não;não;;-;não;Armazém SIAD;Valor Total Homologado;Portal Compras - Módulo de Compras ;Valor total homologado do item de material/serviço
Compras e Patrimônio;Compras e Contratos;Pesquisa avançada;Checkbox;Ano;Página Principal / Compras e patrimônio / Compras e Contratos / Pesquisa Avançada;sim;não;não;;;não;Armazém SIAD;Ano Processo;Portal Compras - Módulo de Compras ;Ano do Processo de Compra (formato AAAA)
Compras e Patrimônio;Compras e Contratos;Pesquisa avançada;Checkbox;Órgão demandante;Página Principal / Compras e patrimônio / Compras e Contratos / Pesquisa Avançada;sim;não;não;;-;não;Armazém SIAD;Nome Órgão/Entidade Pedido;Portal Compras - Módulo de Compras >> Unidade do Pedido >> Órgão/Entidade Pedido;Nome completo do órgão/entidade da unidade do pedido
Compras e Patrimônio;Compras e Contratos;Pesquisa avançada;Checkbox;Procedimento de Contratação;Página Principal / Compras e patrimônio / Compras e Contratos / Pesquisa Avançada;sim;não;não;;-;não;Armazém SIAD;Procedimento de Contratação - Detalhamento 1;Portal Compras - Módulo de Compras >> Procedimento de Contratação;Detalhamento  do Procedimento de Contratação -1 : Menos detalhado
Compras e Patrimônio;Compras e Contratos;Pesquisa avançada;Checkbox;Órgão do Contrato;Página Principal / Compras e patrimônio / Compras e Contratos / Pesquisa Avançada;sim;não;não;;-;não;Armazém SIAD;Nome Órgão/Entidade Contratante;Portal Compras - Módulo de Compras >> Contrato >> Órgão Contratante;Nome completo do órgão/entidade responsável pelo contrato
Compras e Patrimônio;Compras e Contratos;Pesquisa avançada;Checkbox;Tipo de licitação;Página Principal / Compras e patrimônio / Compras e Contratos / Pesquisa Avançada;sim;não;não;;-;não;Armazém SIAD;Tipo Licitação;Portal Compras - Módulo de Compras ;Descrição do tipo de licitação do processo de compra: menor preço, Melhor técnica, Técnica e Preço
Compras e Patrimônio;Compras e Contratos;Pesquisa avançada;Checkbox;Contratado;Página Principal / Compras e patrimônio / Compras e Contratos / Pesquisa Avançada;sim;não;não;;-;não;Armazém SIAD;Nome Empresarial/Nome Fornecedor no Processo;Portal Compras - Módulo de Compras >> Fornecedor;Nome Empresarial/Nome Fornecedor registrado na proposta vencedora
Compras e Patrimônio;Compras e Contratos;Pesquisa avançada;Checkbox;Linha de Fornecimento;Página Principal / Compras e patrimônio / Compras e Contratos / Pesquisa Avançada;sim;não;não;;-;não;Armazém SIAD;Descrição linha de Fornecimento;Portal Compras - Módulo de Compras ;Descrição da linha de Fornecimento vinculada ao item de material/serviço
Compras e Patrimônio;Compras e Contratos;Pesquisa avançada;Checkbox;Número do Processo de Compra;Página Principal / Compras e patrimônio / Compras e Contratos / Pesquisa Avançada;sim;não;não;;-;não;Armazém SIAD;Número Processo - Formatado;Portal Compras - Módulo de Compras ;Número de Identificação do Processo de Compra Formatado (formato UUUUUUU 999999/AAAA - Unidade de Compra, Número do Processo, Ano do Processo)
Compras e Patrimônio;Compras e Contratos;Pesquisa avançada;Checkbox;Situação do Processo;Página Principal / Compras e patrimônio / Compras e Contratos / Pesquisa Avançada;sim;não;não;;-;não;Armazém SIAD;Situação Processo;Portal Compras - Módulo de Compras ;Descrição da Situação do Processo de Compra ( Concluído, Em Andamento, Suspenso)
Compras e Patrimônio;Compras e Contratos;Pesquisa avançada;Checkbox;Situação do Contrato;Página Principal / Compras e patrimônio / Compras e Contratos / Pesquisa Avançada;sim;não;não;;-;não;Armazém SIAD;Situação Contrato;Portal Compras - Módulo de Compras >> Contrato;Descrição da situação do Contrato ( Encerrado, Rescindido, Em andamento, Vencido, Vigente Publicado)
Compras e Patrimônio;Compras e Contratos;Pesquisa avançada;Checkbox;Número do Contrato;Página Principal / Compras e patrimônio / Compras e Contratos / Pesquisa Avançada;sim;não;não;;-;não;Armazém SIAD;Número Contrato;Portal Compras - Módulo de Compras >> Contrato;Número de Registro do Contrato
Compras e Patrimônio;Compras e Contratos;Pesquisa avançada;Checkbox;Grupo de Material/Serviço;Página Principal / Compras e patrimônio / Compras e Contratos / Pesquisa Avançada;sim;não;não;;-;não;Armazém SIAD;Grupo Material/Serviço;Portal Compras -Módulo de Compras >> Material/Serviço;Descrição do Grupo de Material/Serviço
Compras e Patrimônio;Compras e Contratos;Pesquisa avançada;Checkbox;Classe de Material/Serviço;Página Principal / Compras e patrimônio / Compras e Contratos / Pesquisa Avançada;sim;não;não;;-;não;Armazém SIAD;Classe Material/Serviço;Portal Compras -Módulo de Compras >> Material/Serviço;Descrição da Classe de Material/Serviço
Compras e Patrimônio;Compras e Contratos;Pesquisa avançada;Checkbox;Material/Serviço;Página Principal / Compras e patrimônio / Compras e Contratos / Pesquisa Avançada;sim;não;não;;-;não;Armazém SIAD;Material/Serviço;Portal Compras -Módulo de Compras >> Material/Serviço;Descrição Material/Serviço
Compras e Patrimônio;Compras e Contratos;Pesquisa avançada;Checkbox;Item de Material/Serviço;Página Principal / Compras e patrimônio / Compras e Contratos / Pesquisa Avançada;sim;não;não;;-;não;Armazém SIAD;Item de Material/Serviço ;Portal Compras -Módulo de Compras >> Material/Serviço;Especificação do item material/serviço
Compras e Patrimônio;Compras e Contratos;Pesquisa avançada;Checkbox;Elemento Item;Página Principal / Compras e patrimônio / Compras e Contratos / Pesquisa Avançada;sim;não;não;;-;não;Armazém SIAD;Nome Elemento Item da Despesa;Portal Compras - Módulo de Compras >> Elemento Item Despesa;Nome do elemento item de despesa, na classificalçao econômica da Despesa do Estado, vinculado ao item de pedido de compra
Compras e Patrimônio;Compras e Contratos;Pesquisa avançada;Tabela de Resultados;Órgão demandante;Página Principal / Compras e patrimônio / Compras e Contratos / Pesquisa Avançada;não;não;sim;Órgão ou entidade que solicitou a compra de determinado material ou serviço. Pode coincidir ou não com o órgão que está executando o processo de compra.;-;não;Armazém SIAD;Nome Órgão/Entidade Pedido;Portal Compras - Módulo de Compras >> Unidade do Pedido >> Órgão/Entidade Pedido;Nome completo do órgão/entidade da unidade do pedido
Compras e Patrimônio;Compras e Contratos;Pesquisa avançada;Tabela de Resultados;Procedimento de Contratação;Página Principal / Compras e patrimônio / Compras e Contratos / Pesquisa Avançada;não;não;sim;Inclui as modalidades de licitação (concorrência, tomada de preços, convite e leilão), pregão, dispensa, inexigibilidade, registro de preços, etc.;-;não;Armazém SIAD;Procedimento de Contratação - Detalhamento 1;Portal Compras - Módulo de Compras >> Procedimento de Contratação;Detalhamento  do Procedimento de Contratação -1 : Menos detalhado
Compras e Patrimônio;Compras e Contratos;Pesquisa avançada;Tabela de Resultados;Órgão do Contrato;Página Principal / Compras e patrimônio / Compras e Contratos / Pesquisa Avançada;não;não;sim;Órgão ou entidade que formalizou o instrumento de contratação.;-;não;Armazém SIAD;Nome Órgão/Entidade Contratante;Portal Compras - Módulo de Compras >> Contrato >> Órgão Contratante;Nome completo do órgão/entidade responsável pelo contrato
Compras e Patrimônio;Compras e Contratos;Pesquisa avançada;Tabela de Resultados;Tipo de licitação;Página Principal / Compras e patrimônio / Compras e Contratos / Pesquisa Avançada;não;não;sim;Critérios de julgamento utilizados que seleciona a proposta mais vantajosa para a Administração Pública.;-;não;Armazém SIAD;Tipo Licitação;Portal Compras - Módulo de Compras ;Descrição do tipo de licitação do processo de compra: menor preço, Melhor técnica, Técnica e Preço
Compras e Patrimônio;Compras e Contratos;Pesquisa avançada;Tabela de Resultados;Contratado;Página Principal / Compras e patrimônio / Compras e Contratos / Pesquisa Avançada;não;não;sim;Nome da pessoa física ou jurídica contratada para prestar um serviço ou entregar bens materiais ao Estado.;-;não;Armazém SIAD;Nome Empresarial/Nome Fornecedor no Processo;Portal Compras - Módulo de Compras >> Fornecedor;Nome Empresarial/Nome Fornecedor registrado na proposta vencedora
Compras e Patrimônio;Compras e Contratos;Pesquisa avançada;Tabela de Resultados;Linha de Fornecimento;Página Principal / Compras e patrimônio / Compras e Contratos / Pesquisa Avançada;não;não;não;;-;não;Armazém SIAD;Descrição linha de Fornecimento;Portal Compras - Módulo de Compras ;Descrição da linha de Fornecimento vinculada ao item de material/serviço
Compras e Patrimônio;Compras e Contratos;Pesquisa avançada;Tabela de Resultados;Número do Processo de Compra;Página Principal / Compras e patrimônio / Compras e Contratos / Pesquisa Avançada;não;sim;sim;Número identificador do processo de compra no Portal de Compras;-;não;Armazém SIAD;Número Processo - Formatado;Portal Compras - Módulo de Compras ;Número de Identificação do Processo de Compra Formatado (formato UUUUUUU 999999/AAAA - Unidade de Compra, Número do Processo, Ano do Processo)
Compras e Patrimônio;Compras e Contratos;Pesquisa avançada;Tabela de Resultados;Situação do Processo;Página Principal / Compras e patrimônio / Compras e Contratos / Pesquisa Avançada;não;não;sim;Situação do processo de compra durante a aquisição de materiais e serviços (concluído, suspenso, em andamento, etc.). Quanto aos processos de compra com situação em andamento, são considerados apenas os itens já homologados desses processos.;-;não;Armazém SIAD;Situação Processo;Portal Compras - Módulo de Compras ;Descrição da Situação do Processo de Compra ( Concluído, Em Andamento, Suspenso)
Compras e Patrimônio;Compras e Contratos;Pesquisa avançada;Tabela de Resultados;Situação do Contrato;Página Principal / Compras e patrimônio / Compras e Contratos / Pesquisa Avançada;não;não;sim;Situação em que se encontra o contrato quanto a sua vigência.;-;não;Armazém SIAD;Situação Contrato;Portal Compras - Módulo de Compras >> Contrato;Descrição da situação do Contrato ( Encerrado, Rescindido, Em andamento, Vencido, Vigente Publicado)
Compras e Patrimônio;Compras e Contratos;Pesquisa avançada;Tabela de Resultados;Número do Contrato;Página Principal / Compras e patrimônio / Compras e Contratos / Pesquisa Avançada;não;não;não;;-;não;Armazém SIAD;Número Contrato;Portal Compras - Módulo de Compras >> Contrato;Número de Registro do Contrato
Compras e Patrimônio;Compras e Contratos;Pesquisa avançada;Tabela de Resultados;Grupo de Material/Serviço;Página Principal / Compras e patrimônio / Compras e Contratos / Pesquisa Avançada;não;não;sim;Maior nível de especificação de materiais e serviços;-;não;Armazém SIAD;Grupo Material/Serviço;Portal Compras -Módulo de Compras >> Material/Serviço;Descrição do Grupo de Material/Serviço
Compras e Patrimônio;Compras e Contratos;Pesquisa avançada;Tabela de Resultados;Classe de Material/Serviço;Página Principal / Compras e patrimônio / Compras e Contratos / Pesquisa Avançada;não;não;sim;Segundo nível de especificação de materiais e serviços. Detalha o grupo.;-;não;Armazém SIAD;Classe Material/Serviço;Portal Compras -Módulo de Compras >> Material/Serviço;Descrição da Classe de Material/Serviço
Compras e Patrimônio;Compras e Contratos;Pesquisa avançada;Tabela de Resultados;Material/Serviço;Página Principal / Compras e patrimônio / Compras e Contratos / Pesquisa Avançada;não;não;sim;Terceiro nível de especificação de materiais e serviços. Detalha a classe.;-;não;Armazém SIAD;Material/Serviço;Portal Compras -Módulo de Compras >> Material/Serviço;Descrição Material/Serviço
Compras e Patrimônio;Compras e Contratos;Pesquisa avançada;Tabela de Resultados;Item de Material/Serviço;Página Principal / Compras e patrimônio / Compras e Contratos / Pesquisa Avançada;não;não;sim;Quarto nível de especificação de materiais e serviços. Detalha o material/serviço.;-;não;Armazém SIAD;Item de Material/Serviço ;Portal Compras -Módulo de Compras >> Material/Serviço;Especificação do item material/serviço
Compras e Patrimônio;Compras e Contratos;Pesquisa avançada;Tabela de Resultados;Elemento Item;Página Principal / Compras e patrimônio / Compras e Contratos / Pesquisa Avançada;não;não;sim;Identifica os objetos dos gastos que a administração pública se serve para a consecução de seus fins.;-;não;Armazém SIAD;Nome Elemento Item da Despesa;Portal Compras - Módulo de Compras >> Elemento Item Despesa;Nome do elemento item de despesa, na classificalçao econômica da Despesa do Estado, vinculado ao item de pedido de compra
Compras e Patrimônio;Compras e Contratos;Pesquisa avançada;Tabela de Resultados;Objeto;Página Principal / Compras e patrimônio / Compras e Contratos / Pesquisa Avançada;não;não;sim;Descrição dos bens e serviços que estão sendo comprados e sua finalidade.;Objeto do Processo de Compra;não;Armazém SIAD;Objeto Processo;Portal Compras - Módulo de Compras ;Objeto do processo de compra
Compras e Patrimônio;Compras e Contratos;Pesquisa avançada;Tabela de Resultados;Valor de Referência;Página Principal / Compras e patrimônio / Compras e Contratos / Pesquisa Avançada;não;não;sim;Valor estimado de um determinado bem ou serviço, obtido por meio de pesquisa de mercado ou cadastro de preços;-;não;Armazém SIAD;Valor Total Referência Item do Processo;Portal Compras - Módulo de Compras ;Valor Total de referência do item de processo de compra, informado no processo de compra. Este valor está sendo calculado no Armazém, apresentando o valor rateado para o item de pedido
Compras e Patrimônio;Compras e Contratos;Pesquisa avançada;Tabela de Resultados;Valor Homologado;Página Principal / Compras e patrimônio / Compras e Contratos / Pesquisa Avançada;não;não;sim;Valor final licitado ou comprado;-;não;Armazém SIAD;Valor Total Homologado;Portal Compras - Módulo de Compras ;Valor total homologado do item de material/serviço
Compras e Patrimônio;Compras e Contratos;Pesquisa avançada;Tabela de Resultados;Economias;Página Principal / Compras e patrimônio / Compras e Contratos / Pesquisa Avançada;não;não;sim;Diferença entre o valor de referência e o valor homologado;-;não;Armazém SIAD;Economia;Portal Compras - Módulo de Compras ;Valor da economia alcançada, em reais, considerando o valor de Referência do item do Processo e o Valor Homologado. Fórmula de Cálculo = Valor Total Referência Item Processo  Valor Total Homologado
